region_idx,a,found_x,certifies_recourse,certifies_robustness,exec_time
99,,,True,False,1.079901
99,,,True,False,0.3182710000000002
99,,,False,True,0.17720699999999967
99,,,True,False,0.32015400000000005
99,,,True,False,0.3351689999999996
99,,,True,False,0.3191090000000001
99,,,True,False,0.3340369999999995
99,,,True,False,0.3199639999999997
99,,,True,False,0.31869499999999995
99,,,True,False,0.31839300000000037
99,,,False,True,0.17283700000000035
99,,,True,False,0.3185019999999996
99,,,True,False,0.3180120000000004
99,,,True,False,0.32084500000000027
99,,,True,False,0.3173829999999995
99,,,True,False,0.3192699999999995
99,,,True,False,0.31844500000000053
99,,,True,False,0.31916799999999945
99,,,True,False,0.31989599999999996
99,,,True,False,0.31874
99,,,True,False,0.31824600000000025
99,,,True,False,0.31806999999999874
99,,,True,False,0.31875499999999946
99,,,True,False,0.31913500000000106
99,,,False,False,0.2716529999999988
99,,,True,False,0.3160830000000008
99,,,True,False,0.3199190000000005
99,,,True,False,0.31807300000000005
99,,,True,False,0.32147100000000073
99,,,True,False,0.32009299999999996
99,,,True,False,0.31932399999999994
99,,,True,False,0.319032
99,,,True,False,0.3178789999999996
99,,,True,False,0.31863500000000045
99,,,True,False,0.3215450000000004
99,,,True,False,0.31977299999999786
99,,,True,False,0.3193679999999972
99,,,True,False,0.31963099999999756
99,,,True,False,0.31872100000000003
99,,,True,False,0.31869100000000117
99,,,True,False,0.32302999999999926
99,,,True,False,0.32085599999999914
99,,,True,False,0.318997999999997
99,,,True,False,0.318086000000001
99,,,True,False,0.3191330000000008
99,,,True,False,0.3188770000000005
99,,,True,False,0.31973800000000097
99,,,True,False,0.31994100000000003
99,,,True,False,0.3197200000000002
99,,,True,False,0.3219889999999985
99,,,False,False,0.26927200000000084
99,,,False,True,0.17231900000000167
99,,,True,False,0.31869999999999976
99,,,True,False,0.3195210000000017
99,,,False,False,0.2677410000000009
99,,,True,False,0.31861999999999924
99,,,True,False,0.31880800000000065
99,,,True,False,0.318757999999999
99,,,True,False,0.31847899999999996
99,,,True,False,0.3193279999999987
99,,,True,False,0.3197569999999992
99,,,True,False,0.3200329999999987
99,,,True,False,0.31817799999999963
99,,,True,False,0.31846000000000174
99,,,True,False,0.3191570000000006
99,,,True,False,0.31879299999999944
99,,,True,False,0.3195450000000015
99,,,True,False,0.31785599999999903
99,,,True,False,0.3184989999999992
99,,,False,True,0.17305499999999796
99,,,True,False,0.31839300000000037
99,,,True,False,0.3199930000000002
99,,,True,False,0.32142800000000094
99,,,True,False,0.3232500000000016
99,,,True,False,0.3187819999999988
99,,,True,False,0.31871900000000153
99,,,True,False,0.31929199999999724
99,,,True,False,0.31818400000000224
99,,,False,False,0.2780399999999972
99,,,True,False,0.3203199999999953
99,,,True,False,0.3183360000000022
99,,,True,False,0.32163100000000355
99,,,True,False,0.3211949999999959
99,,,True,False,0.3191940000000031
99,,,True,False,0.3201350000000005
99,,,True,False,0.3200129999999959
99,,,True,False,0.31899800000000056
99,,,True,False,0.3197460000000021
99,,,True,False,0.3197060000000036
99,,,True,False,0.3194960000000009
99,,,True,False,0.32033400000000256
99,,,True,False,0.3259360000000058
99,,,True,False,0.318995000000001
99,,,True,False,0.31957299999999833
99,,,True,False,0.319507999999999
99,,,False,False,0.2631489999999985
99,,,True,False,0.31992800000000443
99,,,True,False,0.31955099999999703
99,,,True,False,0.318677000000001
99,,,True,False,0.32014999999999816
99,,,True,False,0.31920800000000327
99,,,True,False,0.31837999999999766
99,,,True,False,0.3188999999999993
99,,,True,False,0.31914299999999685
99,,,True,False,0.3195049999999995
99,,,True,False,0.320927999999995
99,,,True,False,0.319977999999999
99,,,True,False,0.3180850000000035
99,,,True,False,0.31956799999999674
99,,,True,False,0.3199639999999988
99,,,True,False,0.3200479999999999
99,,,False,False,0.28168099999999896
99,,,True,False,0.3184520000000006
99,,,True,False,0.3180189999999996
99,,,False,False,0.2623310000000032
99,,,False,False,0.2796039999999991
99,,,False,True,0.1734780000000029
99,,,True,False,0.31831999999999994
99,,,False,True,0.1720499999999987
99,,,True,False,0.31868800000000164
99,,,True,False,0.3178389999999993
99,,,False,False,0.29807799999999673
99,,,True,False,0.31953199999999526
99,,,True,False,0.31936999999999927
99,,,True,False,0.31845599999999763
99,,,True,False,0.31916900000000226
99,,,True,False,0.3192470000000043
99,,,True,False,0.346236999999995
99,,,False,True,0.17363399999999984
99,,,True,False,0.31956000000000273
99,,,True,False,0.3191109999999995
99,,,True,False,0.32033500000000004
99,,,True,False,0.31876099999999497
99,,,True,False,0.31891999999999854
99,,,True,False,0.3212870000000052
99,,,True,False,0.31910299999999836
99,,,True,False,0.3188609999999983
99,,,True,False,0.3193419999999989
99,,,True,False,0.31947100000000006
99,,,True,False,0.31895899999999955
99,,,True,False,0.318799999999996
99,,,False,False,0.3048430000000053
99,,,True,False,0.3190190000000044
99,,,True,False,0.318762999999997
99,,,True,False,0.3171859999999995
99,,,True,False,0.3184749999999994
99,,,True,False,0.31909999999999883
99,,,True,False,0.319074999999998
99,,,True,False,0.33493800000000107
99,,,True,False,0.44185600000000136
99,,,True,False,0.3198760000000007
99,,,True,False,0.31863899999999745
99,,,True,False,0.372398000000004
99,,,True,False,0.3196099999999973
99,,,True,False,0.3201779999999985
99,,,False,False,0.30977799999999434
99,,,True,False,0.33252399999999227
99,,,True,False,0.31987900000000025
99,,,False,True,0.17300999999999078
99,,,True,False,0.3194259999999929
99,,,True,False,0.31886200000000997
99,,,False,False,0.26993799999999624
99,,,False,False,0.30305800000000715
99,,,True,False,0.31977800000001366
99,,,True,False,0.3200879999999984
99,,,True,False,0.3196630000000056
99,,,True,False,0.318601000000001
99,,,True,False,0.3202929999999924
99,,,False,True,0.1733860000000078
99,,,False,False,0.3004789999999957
99,,,True,False,0.31929099999999266
99,,,True,False,0.3200479999999999
99,,,True,False,0.31864299999999446
99,,,True,False,0.3184360000000055
99,,,True,False,0.3195710000000105
99,,,False,True,0.17186399999999935
99,,,True,False,0.31926099999999735
99,,,True,False,0.3198890000000034
99,,,True,False,0.31848499999999547
99,,,True,False,0.3186319999999938
99,,,True,False,0.3188920000000053
99,,,True,False,0.31875300000000095
99,,,True,False,0.3190129999999982
99,,,False,True,0.17265700000000095
99,,,True,False,0.3193550000000016
99,,,True,False,0.3172440000000023
99,,,True,False,0.31964200000000176
99,,,True,False,0.3185019999999952
99,,,False,False,0.27002399999999227
99,,,True,False,0.31905999999999324
99,,,True,False,0.3186680000000024
99,,,True,False,0.31829799999999864
99,,,True,False,0.31818900000000383
99,,,True,False,0.3184660000000008
99,,,False,False,0.30033799999999644
99,,,True,False,0.3195479999999975
99,,,True,False,0.31875700000000506
99,,,False,True,0.17227700000000823
99,,,False,True,0.17329300000000103
99,,,True,False,0.3199639999999988
99,,,True,False,0.31932299999999714
99,,,True,False,0.31953699999999685
99,,,True,False,0.31943099999999447
99,,,True,False,0.32001900000000205
99,,,False,True,0.17222199999999077
99,,,False,False,0.2751700000000028
99,,,True,False,0.3198730000000012
99,,,True,False,0.3195440000000076
99,,,True,False,0.3197009999999949
99,,,True,False,0.3198159999999888
99,,,True,False,0.31817000000000917
99,,,True,False,0.31909500000000435
99,,,True,False,0.3192190000000039
99,,,False,True,0.17259999999998854
99,,,True,False,0.31871900000000153
99,,,True,False,0.3189179999999965
99,,,True,False,0.3188119999999941
99,,,True,False,0.3194989999999933
99,,,False,True,0.17231899999998745
99,,,False,False,0.2692349999999948
99,,,False,False,0.26769099999999924
99,,,True,False,0.31954199999999844
99,,,True,False,0.3190660000000065
99,,,True,False,0.3186979999999977
99,,,True,False,0.3214629999999943
99,,,False,True,0.17245499999999936
99,,,True,False,0.33138600000000906
99,,,False,True,0.1734170000000006
99,,,True,False,0.3177000000000021
99,,,True,False,0.31819199999999626
99,,,True,False,0.3184750000000065
99,,,False,False,0.2989960000000025
99,,,True,False,0.319784999999996
99,,,True,False,0.31972999999999274
99,,,True,False,0.3221120000000042
99,,,True,False,0.3208580000000012
99,,,True,False,0.31939700000000926
99,,,True,False,0.36182100000000617
99,,,True,False,0.3226319999999987
99,,,True,False,0.3218959999999953
99,,,True,False,0.3207919999999973
99,,,True,False,0.3187909999999903
99,,,True,False,0.3332189999999997
99,,,False,True,0.17295200000000932
99,,,True,False,0.3202089999999913
99,,,True,False,0.31910399999999584
99,,,False,False,0.28521200000000135
99,,,True,False,0.3431709999999981
99,,,False,False,0.2775790000000029
99,,,False,False,0.30461299999998914
99,,,True,False,0.3193859999999944
99,,,True,False,0.32060099999999636
99,,,True,False,0.3207479999999947
99,,,True,False,0.31912200000000723
99,,,True,False,0.3195450000000051
99,,,True,False,0.3189570000000117
99,,,False,False,0.2603819999999928
99,,,False,True,0.17309500000000355
99,,,True,False,0.31902499999999634
99,,,False,False,0.2685859999999991
99,,,True,False,0.3193550000000016
99,,,True,False,0.3186709999999948
99,,,True,False,0.3198979999999949
99,,,True,False,0.3194739999999996
99,,,True,False,0.3192990000000009
99,,,True,False,0.32148300000000063
99,,,False,False,0.26200799999999447
99,,,False,True,0.17265700000000095
99,,,True,False,0.3190620000000024
99,,,False,False,0.27048099999998954
99,,,True,False,0.3204190000000011
99,,,False,False,0.26326200000001165
99,,,True,False,0.3181499999999886
99,,,True,False,0.3180229999999966
99,,,False,False,0.27144900000000405
99,,,True,False,0.3227980000000059
99,,,False,False,0.27831299999999715
99,,,True,False,0.31851600000000246
99,,,True,False,0.31972099999998704
99,,,True,False,0.3195120000000031
99,,,False,False,0.2767510000000044
99,,,False,False,0.2973519999999894
99,,,True,False,0.31948500000000024
99,,,True,False,0.3194079999999957
99,,,True,False,0.3187960000000061
99,,,False,True,0.17297800000000052
99,,,False,False,0.2598219999999998
99,,,True,False,0.32270400000000166
99,,,False,True,0.17223500000000058
99,,,False,False,0.26012099999999805
99,,,True,False,0.32004499999999325
99,,,False,True,0.17438299999999174
99,,,True,False,0.31881500000000074
99,,,True,False,0.31958499999998935
99,,,False,False,0.2734039999999993
99,,,False,False,0.2731020000000086
99,,,True,False,0.3185849999999988
99,,,True,False,0.31915600000000666
99,,,False,False,0.28619799999999884
99,,,True,False,0.31856000000000506
99,,,True,False,0.3201880000000017
99,,,True,False,0.3183120000000059
99,,,False,False,0.3023510000000016
99,,,False,True,0.1727290000000039
99,,,False,True,0.1725009999999969
99,,,False,False,0.2738549999999975
99,,,True,False,0.3184870000000046
99,,,True,False,0.319351999999995
99,,,True,False,0.31949000000000183
99,,,True,False,0.32026899999999614
99,,,True,False,0.3168410000000108
99,,,True,False,0.3195729999999912
99,,,True,False,0.3195309999999978
99,,,False,True,0.18457999999999686
99,,,True,False,0.31763100000000577
99,,,False,False,0.2752570000000105
99,,,True,False,0.3189270000000022
99,,,False,False,0.2993929999999949
99,,,True,False,0.3199859999999859
99,,,True,False,0.32046100000000877
99,,,True,False,0.3189089999999908
99,,,False,False,0.27563299999999913
99,,,False,False,0.2716599999999971
99,,,False,True,0.17294099999998025
99,,,False,False,0.2796469999999829
99,,,True,False,0.3189360000000079
99,,,False,False,0.26388500000001613
99,,,False,True,0.1725489999999752
99,,,True,False,0.3202619999999854
99,,,False,False,0.26828899999998157
99,,,True,False,0.3195080000000132
99,,,True,False,0.31879800000001524
99,,,True,False,0.32088699999999903
99,,,True,False,0.31863000000001307
99,,,True,False,0.3203399999999874
99,,,True,False,0.3211900000000014
99,,,True,False,0.3212159999999926
99,,,False,True,0.17235799999997425
99,,,False,False,0.27508499999999003
99,,,True,False,0.31888499999999453
99,,,True,False,0.3191620000000057
99,,,False,False,0.2966260000000034
99,,,True,False,0.32314199999999005
99,,,True,False,0.3196049999999957
99,,,False,False,0.2706750000000113
99,,,True,False,0.3186950000000195
99,,,False,False,0.26579300000000217
99,,,False,False,0.26753400000001193
99,,,False,False,0.28889599999999405
99,,,True,False,0.3195299999999861
99,,,True,False,0.3196779999999819
99,,,False,True,0.17227499999998486
99,,,False,False,0.26260399999998185
99,,,True,False,0.3191609999999798
99,,,False,True,0.17269300000000953
99,,,True,False,0.3179789999999798
99,,,True,False,0.3181329999999889
99,,,True,False,0.32081300000001534
99,,,False,False,0.2707309999999836
99,,,False,True,0.1720680000000243
99,,,True,False,0.31881899999999064
99,,,True,False,0.31934899999998834
99,,,True,False,0.31838600000000383
99,,,True,False,0.3192369999999869
99,,,True,False,0.31968700000001604
99,,,False,False,0.2776790000000062
99,,,True,False,0.3217640000000017
99,,,True,False,0.3192160000000115
99,,,True,False,0.32054899999999975
99,,,True,False,0.3199810000000127
99,,,False,True,0.17379900000000248
99,,,True,False,0.31968100000000277
99,,,True,False,0.31922099999999887
99,,,True,False,0.3205220000000111
99,,,True,False,0.32018600000000674
99,,,False,False,0.2818049999999914
99,,,False,False,0.35249399999997877
99,,,True,False,0.36274899999997956
99,,,True,False,0.3261620000000107
99,,,True,False,0.3388490000000104
99,,,False,False,0.3120760000000189
99,,,True,False,0.31882699999999886
99,,,True,False,0.3207800000000134
99,,,True,False,0.3185680000000275
99,,,False,False,0.2771199999999965
99,,,True,False,0.3194199999999796
99,,,True,False,0.319611999999978
99,,,False,False,0.20480399999999577
99,,,False,True,0.1724140000000034
99,,,True,False,0.3194259999999929
99,,,True,False,0.3187549999999817
99,,,False,False,0.30779799999999113
99,,,False,True,0.17345800000001077
99,,,True,False,0.3216510000000028
99,,,True,False,0.319057000000015
99,,,True,False,0.3193559999999991
99,,,True,False,0.31906399999999735
99,,,True,False,0.3200599999999838
99,,,True,False,0.31890699999999583
99,,,False,True,0.1720189999999775
99,,,True,False,0.3195340000000044
99,,,True,False,0.3190360000000112
99,,,False,True,0.17320499999999583
99,,,True,False,0.32043200000001093
99,,,True,False,0.3194560000000024
99,,,True,False,0.3196959999999933
99,,,False,True,0.17295599999999922
99,,,False,True,0.1722560000000044
99,,,False,False,0.2679430000000025
99,,,False,False,0.28218499999999835
99,,,True,False,0.3198289999999986
99,,,True,False,0.319580000000002
99,,,False,False,0.2768169999999941
99,,,True,False,0.3192160000000115
99,,,False,True,0.17266599999999244
99,,,False,False,0.28098099999999704
99,,,True,False,0.32714099999998325
99,,,False,False,0.2746060000000057
99,,,False,False,0.30768900000001054
99,,,True,False,0.31872800000002144
99,,,True,False,0.31798299999999813
99,,,False,True,0.17290200000002187
99,,,True,False,0.31908599999999865
99,,,True,False,0.31996099999997796
99,,,True,False,0.3181899999999871
99,,,True,False,0.31883499999997866
99,,,True,False,0.3204289999999901
99,,,True,False,0.32063999999999737
99,,,False,True,0.17273499999998876
99,,,False,True,0.17258700000002136
99,,,True,False,0.31954099999998675
99,,,False,False,0.27943000000001916
99,,,False,True,0.17248699999998962
99,,,True,False,0.3183140000000151
99,,,True,False,0.3195910000000026
99,,,False,False,0.2760379999999998
99,,,False,True,0.17363399999999274
99,,,True,False,0.3201909999999941
99,,,False,False,0.30248000000000275
99,,,True,False,0.31992700000000696
99,,,False,False,0.2682839999999942
99,,,False,True,0.17297999999999547
99,,,True,False,0.3189079999999933
99,,,True,False,0.31936999999999216
99,,,False,False,0.2699350000000038
99,,,True,False,0.3201469999999915
99,,,True,False,0.3197979999999916
99,,,True,False,0.31834200000000124
99,,,False,False,0.27577700000000505
99,,,False,True,0.1723090000000127
99,,,False,False,0.2829770000000167
99,,,True,False,0.31873499999997534
99,,,True,False,0.31867399999998725
99,,,False,True,0.1733600000000024
99,,,False,False,0.30053499999999644
99,,,True,False,0.31991000000002145
99,,,False,False,0.2790220000000261
99,,,False,False,0.270040999999992
99,,,False,False,0.28029300000000035
99,,,False,True,0.17226700000000505
99,,,False,False,0.26273199999999974
99,,,True,False,0.31990099999998733
99,,,False,False,0.2815689999999904
99,,,False,True,0.17240599999999517
99,,,True,False,0.320020999999997
99,,,False,True,0.17300799999998162
99,,,True,False,0.3186330000000055
99,,,False,False,0.27204399999999396
99,,,True,False,0.31919200000001524
99,,,True,False,0.32135999999999854
99,,,True,False,0.3201029999999889
99,,,True,False,0.3194520000000125
99,,,True,False,0.3192070000000058
99,,,True,False,0.3192540000000008
99,,,False,True,0.17255199999999604
99,,,True,False,0.3185980000000086
99,,,False,True,0.1728080000000034
99,,,False,False,0.3029619999999795
99,,,True,False,0.3187819999999988
99,,,False,False,0.26037099999999214
99,,,True,False,0.31919499999997925
99,,,False,False,0.2756909999999948
99,,,True,False,0.3195670000000064
99,,,True,False,0.31920900000000074
99,,,False,True,0.1731330000000071
99,,,False,False,0.2715080000000114
99,,,True,False,0.31888899999998443
99,,,True,False,0.31948399999998855
99,,,False,False,0.2853839999999934
99,,,True,False,0.3200549999999964
99,,,True,False,0.31841999999997483
99,,,False,True,0.17291199999999662
99,,,True,False,0.32128900000000726
99,,,True,False,0.3185710000000199
99,,,True,False,0.31790699999999106
99,,,True,False,0.31919500000000767
99,,,True,False,0.3189390000000003
99,,,True,False,0.31984900000000493
99,,,False,False,0.2394909999999868
99,,,False,True,0.17334900000000175
99,,,False,False,0.26844800000000646
99,,,False,True,0.17256700000001501
99,,,True,False,0.31934900000001676
99,,,False,False,0.26927200000000084
99,,,False,True,0.17300299999999424
99,,,False,False,0.2514060000000029
99,,,True,False,0.3188419999999894
99,,,False,False,0.2697759999999789
99,,,False,False,0.2652300000000025
99,,,False,True,0.1724049999999977
99,,,False,False,0.20856700000001638
99,,,True,False,0.3174849999999765
99,,,True,False,0.3191180000000031
99,,,True,False,0.31888000000000716
99,,,True,False,0.31817399999999907
99,,,True,False,0.32096100000001115
99,,,False,False,0.2768120000000067
99,,,False,False,0.27204899999998133
99,,,False,True,0.17246800000000917
99,,,True,False,0.3199390000000051
99,,,True,False,0.3188970000000211
99,,,False,False,0.264915000000002
99,,,False,True,0.1724789999999814
99,,,True,False,0.3210480000000189
99,,,False,True,0.17281400000001668
99,,,False,True,0.20830599999999322
99,,,True,False,0.4288049999999828
99,,,False,False,0.24725099999997724
99,,,False,False,0.2670190000000048
99,,,False,True,0.17275799999998753
99,,,False,False,0.3214240000000075
99,,,True,False,0.3194289999999853
99,,,False,True,0.17244000000002302
99,,,True,False,0.31846900000002165
99,,,True,False,0.319028000000003
99,,,True,False,0.32079500000000394
99,,,True,False,0.31928800000000024
99,,,True,False,0.31865199999998595
99,,,True,False,0.32272600000001717
99,,,True,False,0.3193770000000029
99,,,False,True,0.17267400000000066
99,,,False,True,0.17285900000001675
99,,,False,False,0.20611200000001872
99,,,True,False,0.3191110000000208
99,,,False,False,0.25999500000000353
99,,,True,False,0.3228909999999985
99,,,False,False,0.25699699999998415
99,,,True,False,0.32020400000001814
99,,,False,True,0.17268800000002216
99,,,True,False,0.320368000000002
99,,,True,False,0.3175589999999886
99,,,False,False,0.2765899999999988
99,,,False,True,0.17353400000001784
99,,,False,True,0.17324700000000348
99,,,False,True,0.17286699999999655
99,,,False,True,0.17261000000002014
99,,,False,False,0.27311800000001085
99,,,False,True,0.1729090000000042
99,,,True,False,0.31866099999999165
99,,,True,False,0.3205700000000036
99,,,False,True,0.17380099999999743
99,,,False,False,0.27863199999998756
99,,,True,False,0.32018099999999095
99,,,False,False,0.24576099999998746
99,,,False,True,0.17316099999999324
99,,,False,False,0.3115449999999953
99,,,True,False,0.31904599999998595
99,,,True,False,0.3199249999999836
99,,,False,True,0.17302799999998797
99,,,True,False,0.3170959999999923
99,,,True,False,0.3187539999999842
99,,,True,False,0.3192679999999939
99,,,True,False,0.31988000000001193
99,,,False,False,0.19963599999999815
99,,,False,True,0.17327000000000226
99,,,True,False,0.3206869999999924
99,,,False,True,0.173735999999991
99,,,False,False,0.2717760000000169
99,,,False,True,0.1726939999999786
99,,,False,False,0.28833499999998935
99,,,False,False,0.27583000000001334
99,,,False,True,0.17228099999999813
99,,,False,True,0.17322699999999713
99,,,True,False,0.32005799999998885
99,,,False,False,0.2791640000000086
99,,,False,True,0.1730049999999892
99,,,False,False,0.2695449999999937
99,,,False,False,0.2742179999999905
99,,,True,False,0.318759
99,,,False,False,0.2758940000000223
99,,,True,False,0.31745699999999033
99,,,False,True,0.1741260000000011
99,,,True,False,0.3195540000000108
99,,,True,False,0.32036999999999694
99,,,True,False,0.3185490000000186
99,,,False,False,0.2691939999999988
99,,,True,False,0.31834499999999366
99,,,False,True,0.17281099999999583
99,,,False,True,0.1730230000000006
99,,,True,False,0.3199369999999817
99,,,True,False,0.3187240000000031
99,,,True,False,0.3199550000000215
99,,,False,False,0.27202599999998256
99,,,False,False,0.265861000000001
99,,,False,True,0.1723700000000008
99,,,False,True,0.17299499999998602
99,,,False,True,0.1719929999999863
99,,,False,True,0.17291000000000167
99,,,False,True,0.17282900000000723
99,,,True,False,0.31892899999999713
99,,,False,False,0.286689999999993
99,,,True,False,0.34059799999999996
99,,,False,True,0.17391800000001467
99,,,True,False,0.3209460000000206
99,,,False,False,0.2703329999999937
99,,,False,False,0.26676499999999237
99,,,False,False,0.30036799999999175
99,,,False,True,0.17295899999999165
99,,,False,True,0.17223800000002143
99,,,True,False,0.32065799999998035
99,,,True,False,0.31977399999999534
99,,,False,False,0.26284599999999614
99,,,False,False,0.28325299999997355
99,,,False,False,0.27928900000000567
99,,,True,False,0.3200530000000015
99,,,False,False,0.269504999999981
99,,,True,False,0.31958500000001777
99,,,False,True,0.17256199999999922
99,,,False,False,0.3051980000000185
99,,,False,True,0.17277599999999893
99,,,True,False,0.318602999999996
99,,,True,False,0.3188220000000115
99,,,False,False,0.24974299999999516
99,,,False,False,0.2662030000000186
99,,,False,True,0.17281600000001163
99,,,True,False,0.3190920000000119
99,,,False,True,0.17303300000000377
99,,,False,False,0.2796639999999968
99,,,False,False,0.2777150000000006
99,,,False,True,0.17264000000000124
99,,,True,False,0.319012999999984
99,,,False,True,0.1725059999999985
99,,,False,True,0.17332199999998466
99,,,False,False,0.29696899999999005
99,,,False,False,0.2785509999999931
99,,,False,False,0.26398899999998093
99,,,False,False,0.2509889999999757
99,,,True,False,0.31819699999999784
99,,,False,True,0.17279200000001538
99,,,True,False,0.3182170000000042
99,,,False,True,0.17291799999998148
99,,,True,False,0.31972600000000284
99,,,True,False,0.31875700000000506
99,,,True,False,0.3181069999999977
99,,,True,False,0.31870799999998667
99,,,True,False,0.31880100000000766
99,,,False,False,0.26786100000001056
99,,,True,False,0.31946199999998726
99,,,False,True,0.17260799999999676
99,,,True,False,0.31833800000001133
99,,,True,False,0.3189840000000004
99,,,False,True,0.17266100000000506
99,,,False,True,0.17255600000001436
99,,,True,False,0.3193640000000073
99,,,True,False,0.31893400000001293
99,,,False,False,0.26369900000000257
99,,,False,False,0.263717999999983
99,,,False,True,0.17285699999999338
99,,,False,True,0.17278899999999453
99,,,False,False,0.26835599999998294
99,,,False,False,0.2645640000000071
99,,,True,False,0.3195410000000152
99,,,False,True,0.17285000000001105
99,,,True,False,0.3203489999999931
99,,,True,False,0.31886999999994714
99,,,False,False,0.27262300000001005
99,,,False,True,0.17321099999998069
99,,,False,False,0.26666300000005094
99,,,False,False,0.30502100000001064
99,,,True,False,0.3192760000000021
99,,,True,False,0.3195790000000329
99,,,False,True,0.17297600000000557
99,,,False,True,0.17295200000000932
99,,,False,True,0.17292600000001812
99,,,True,False,0.31885399999998754
99,,,True,False,0.318636999999967
99,,,True,False,0.31837999999999056
99,,,False,True,0.17299000000002707
99,,,False,False,0.27876100000003134
99,,,False,True,0.17249099999997952
99,,,False,False,0.26204199999995126
99,,,True,False,0.31968999999998005
99,,,False,True,0.17271799999997484
99,,,False,True,0.17226699999997663
99,,,False,False,0.2719359999999824
99,,,False,True,0.1735500000000343
99,,,True,False,0.31853799999998955
99,,,False,False,0.2692519999999945
99,,,False,True,0.1743600000000356
99,,,True,False,0.3196320000000128
99,,,False,False,0.2777540000000158
99,,,True,False,0.31920000000002346
99,,,True,False,0.32038699999998244
99,,,True,False,0.32013900000004014
99,,,True,False,0.3185349999999971
99,,,False,True,0.17243400000000975
99,,,False,True,0.1728949999999827
99,,,False,False,0.27300400000001446
99,,,False,True,0.17417400000005046
99,,,False,True,0.17294799999996258
99,,,True,False,0.31926200000003746
99,,,False,False,0.25349100000005365
99,,,False,False,0.27941400000003114
99,,,False,False,0.27206699999999273
99,,,True,False,0.31896399999999403
99,,,False,True,0.17233599999997296
99,,,False,True,0.17298099999999295
99,,,False,False,0.27246600000000853
99,,,False,True,0.17276700000002165
99,,,False,False,0.2612100000000055
99,,,False,True,0.17239699999998948
99,,,False,False,0.264883999999995
99,,,True,False,0.3183379999999829
99,,,True,False,0.3189909999999827
99,,,True,False,0.32012900000000855
99,,,True,False,0.3202419999999506
99,,,False,False,0.28154100000000426
99,,,False,True,0.1727849999999762
99,,,False,True,0.17212999999998146
99,,,False,True,0.1725630000000251
99,,,False,False,0.26963600000004817
99,,,False,True,0.1731100000000083
99,,,True,False,0.31956699999994953
99,,,True,False,0.31870600000002014
99,,,True,False,0.3185359999999946
99,,,False,True,0.1729410000000371
99,,,False,False,0.2776399999999626
99,,,False,True,0.172916999999984
99,,,True,False,0.319753999999989
99,,,False,False,0.2732209999999782
99,,,True,False,0.3189310000000205
99,,,False,False,0.26886400000000776
99,,,True,False,0.31826900000004343
99,,,False,False,0.2718879999999899
99,,,False,False,0.28011299999997163
99,,,True,False,0.3193809999999644
99,,,False,False,0.274441999999965
99,,,False,True,0.17274900000001026
99,,,False,False,0.2956909999999766
99,,,False,False,0.2741790000000037
99,,,True,False,0.31938199999996186
99,,,False,True,0.1735200000000532
99,,,True,False,0.31881900000001906
99,,,False,True,0.17324300000001358
99,,,False,True,0.17307599999998047
99,,,False,True,0.17294200000003457
99,,,True,False,0.31902500000001055
99,,,True,False,0.3190200000000232
99,,,True,False,0.32156200000002855
99,,,False,True,0.17389599999995653
99,,,False,False,0.27599300000002813
99,,,True,False,0.31883700000003046
99,,,False,True,0.17442699999998013
99,,,False,True,0.17304200000000947
99,,,False,True,0.17320900000004258
99,,,False,False,0.2007220000000416
99,,,False,False,0.28454999999996744
99,,,True,False,0.31878299999999626
99,,,True,False,0.32127499999995734
99,,,False,True,0.17201400000004696
99,,,False,True,0.17246000000000095
99,,,True,False,0.3172180000000253
99,,,False,True,0.17254500000001372
99,,,False,False,0.26541700000001356
99,,,True,False,0.31928299999998444
99,,,False,False,0.21150400000004765
99,,,True,False,0.3190050000000042
99,,,True,False,0.31903799999997773
99,,,False,True,0.17368700000002946
99,,,False,False,0.3100350000000276
99,,,False,False,0.2734879999999862
99,,,True,False,0.31879199999997354
99,,,False,True,0.17261799999999994
99,,,True,False,0.31933399999996936
99,,,False,True,0.1724680000000376
99,,,True,False,0.3335890000000177
99,,,False,False,0.2020390000000134
99,,,True,False,0.31894099999999526
99,,,True,False,0.3190050000000042
99,,,True,False,0.31888200000003053
99,,,False,False,0.2750480000000266
99,,,False,False,0.26848799999999073
99,,,True,False,0.318992000000037
99,,,True,False,0.31920900000000074
99,,,True,False,0.3217730000000074
99,,,False,False,0.26463300000000345
99,,,True,False,0.3192130000000475
99,,,False,False,0.2699519999999893
99,,,False,True,0.17258200000003399
99,,,True,False,0.31892299999998386
99,,,True,False,0.31927799999999706
99,,,False,True,0.17247300000002497
99,,,False,True,0.1729010000000244
99,,,False,True,0.17285900000001675
99,,,False,True,0.1730709999999931
99,,,False,True,0.17283799999995608
99,,,False,True,0.17216999999999416
99,,,True,False,0.3196479999999724
99,,,False,True,0.17310500000002094
99,,,False,True,0.17376200000001063
99,,,False,True,0.1735140000000115
99,,,False,True,0.1727830000000381
99,,,False,False,0.2698230000000308
99,,,False,True,0.17347899999998617
99,,,False,True,0.17271799999997484
99,,,True,False,0.3294750000000022
99,,,True,False,0.32744400000001406
99,,,False,False,0.26645500000000766
99,,,True,False,0.3197810000000345
99,,,False,True,0.17278600000003053
99,,,False,False,0.2710719999999469
99,,,True,False,0.32015799999999217
99,,,True,False,0.3679609999999798
99,,,True,False,0.341575999999975
99,,,True,False,0.3261449999999968
99,,,False,True,0.1735760000000255
99,,,False,False,0.20146000000005415
99,,,False,False,0.27187800000001516
99,,,True,False,0.3205690000000345
99,,,False,True,0.17264699999998356
99,,,False,False,0.26378800000003366
99,,,False,True,0.1730489999999918
99,,,True,False,0.31898999999998523
99,,,False,False,0.20713899999998375
99,,,False,True,0.17254199999996445
99,,,False,True,0.17289900000002945
99,,,False,False,0.24990200000002005
99,,,False,False,0.24118000000004258
99,,,False,False,0.26695100000000593
99,,,False,True,0.17307199999999057
99,,,True,False,0.3186279999999897
99,,,False,True,0.1725940000000037
99,,,False,False,0.2686920000000441
99,,,True,False,0.31867699999997967
99,,,True,False,0.31801300000000765
99,,,False,False,0.280255000000011
99,,,True,False,0.31877900000000636
99,,,True,False,0.3190440000000194
99,,,True,False,0.3206430000000182
99,,,True,False,0.3199339999999893
99,,,True,False,0.3190969999999993
99,,,True,False,0.31997999999998683
99,,,False,False,0.26016500000002907
99,,,False,False,0.2717079999999896
99,,,False,True,0.17245200000002114
99,,,False,False,0.26371999999997797
99,,,True,False,0.3188690000000065
99,,,False,True,0.1726679999999874
99,,,False,True,0.17286600000005592
99,,,False,True,0.17306200000001581
99,,,False,True,0.1728909999999928
99,,,False,False,0.28032799999999725
99,,,False,False,0.27013799999997445
99,,,False,True,0.17230099999994763
99,,,False,False,0.28066899999998896
99,,,True,False,0.31818699999996625
99,,,False,True,0.17292600000001812
99,,,False,True,0.1732759999999871
99,,,True,False,0.31890099999998256
99,,,False,False,0.276188999999988
99,,,True,False,0.3218580000000202
99,,,False,True,0.17289199999999028
99,,,False,True,0.17357800000002044
99,,,False,False,0.2570010000000025
99,,,False,True,0.17319600000001856
99,,,True,False,0.3205719999999701
99,,,True,False,0.31977299999999786
99,,,False,False,0.2651840000000334
99,,,True,False,0.3181119999999851
99,,,True,False,0.3191720000000373
99,,,True,False,0.3193679999999972
99,,,False,True,0.1723419999999578
99,,,False,True,0.17267299999997476
99,,,False,False,0.27370099999996
99,,,True,False,0.32098799999999983
99,,,True,False,0.31943599999999606
99,,,False,False,0.2766719999999623
99,,,False,True,0.17254499999995687
99,,,False,False,0.30021899999997004
99,,,False,True,0.17364899999995487
99,,,False,True,0.17284000000000788
99,,,False,True,0.17375800000002073
99,,,True,False,0.3196460000000343
99,,,True,False,0.31876800000003414
99,,,False,False,0.27785699999998315
99,,,False,False,0.2597939999999994
99,,,False,True,0.17302499999999554
99,,,True,False,0.320570000000032
99,,,True,False,0.3195610000000215
99,,,False,True,0.1732860000000187
99,,,True,False,0.3208569999999895
99,,,False,True,0.17298199999999042
99,,,True,False,0.3196729999999661
99,,,False,True,0.1723660000000109
99,,,False,False,0.27062899999998535
99,,,False,False,0.2700020000000336
99,,,True,False,0.31902500000001055
99,,,False,False,0.26159300000000485
99,,,False,True,0.17275200000000268
99,,,False,False,0.27309600000000955
99,,,False,True,0.1738369999999918
99,,,False,True,0.17361999999997124
99,,,True,False,0.31899900000001935
99,,,True,False,0.31781599999999344
99,,,True,False,0.3184550000000286
99,,,True,False,0.3205509999999663
99,,,True,False,0.31953800000002275
99,,,False,False,0.19745000000000346
99,,,False,False,0.2782589999999914
99,,,False,True,0.17270200000001523
99,,,False,True,0.17203399999999647
99,,,False,True,0.17282000000000153
99,,,True,False,0.3187300000000164
99,,,False,False,0.2043220000000474
99,,,True,False,0.3190630000000283
99,,,False,True,0.17288200000001552
99,,,True,False,0.31922099999997045
99,,,True,False,0.31900300000000925
99,,,False,False,0.2580719999999701
99,,,True,False,0.31939199999999346
99,,,False,False,0.2554980000000455
99,,,False,True,0.17329800000004525
99,,,False,True,0.17337700000001632
99,,,True,False,0.3199549999999931
99,,,True,False,0.3216160000000059
99,,,False,True,0.173279999999977
99,,,False,False,0.2821529999999939
99,,,True,False,0.3193499999999858
99,,,True,False,0.3187669999999798
99,,,False,True,0.1729649999999765
99,,,False,False,0.2767539999999826
99,,,True,False,0.3191119999999614
99,,,False,True,0.17382399999996778
99,,,False,True,0.17291199999999662
99,,,False,True,0.17338399999999865
99,,,False,True,0.17311699999999064
99,,,True,False,0.3202529999999797
99,,,False,False,0.27049399999998514
99,,,True,False,0.31919899999996915
99,,,True,False,0.320034000000021
99,,,False,True,0.17271299999998746
99,,,True,False,0.3185190000000375
99,,,True,False,0.31873200000001134
99,,,False,False,0.27096699999998464
99,,,False,True,0.17297000000002072
99,,,False,True,0.17299900000000434
99,,,True,False,0.317545999999993
99,,,False,False,0.2692949999999996
99,,,False,False,0.27214200000003075
99,,,False,False,0.26634899999999107
99,,,False,True,0.1733600000000024
99,,,True,False,0.3324670000000083
99,,,True,False,0.31847800000002735
99,,,True,False,0.31823300000002064
99,,,False,True,0.1721729999999866
99,,,True,False,0.31891899999999396
99,,,True,False,0.3173630000000003
99,,,False,True,0.17305599999997412
99,,,False,False,0.2826329999999757
99,,,False,True,0.17329499999999598
99,,,False,True,0.1728329999999687
99,,,False,True,0.17272800000000643
99,,,False,True,0.17319099999997434
99,,,False,True,0.17319500000002108
99,,,False,False,0.26492300000001023
99,,,True,False,0.31843000000003485
99,,,False,False,0.2703599999999824
99,,,True,False,0.3185100000000034
99,,,False,True,0.1723739999999907
99,,,True,False,0.31781599999999344
99,,,True,False,0.31930099999999584
99,,,False,False,0.2640039999999999
99,,,False,True,0.17280399999998508
99,,,False,False,0.26508799999999155
99,,,True,False,0.3190079999999966
99,,,True,False,0.31843800000001465
99,,,False,True,0.1723119999999767
99,,,False,True,0.1737059999999815
99,,,False,False,0.2691040000000271
99,,,False,True,0.17244400000004134
99,,,True,False,0.3199920000000134
99,,,False,False,0.27464599999996153
99,,,False,False,0.2721840000000384
99,,,True,False,0.31824300000005223
99,,,False,True,0.17266100000000506
99,,,True,False,0.32387799999997924
99,,,False,False,0.2731279999999856
99,,,True,False,0.3215319999999906
99,,,False,False,0.1998530000000187
99,,,True,False,0.3186139999999682
99,,,True,False,0.3196060000000216
99,,,False,True,0.17366900000001806
99,,,False,True,0.17210099999999784
99,,,False,True,0.1735479999999825
99,,,True,False,0.3196360000000027
99,,,True,False,0.3193090000000325
99,,,False,True,0.17384400000003097
99,,,False,True,0.17194299999999885
99,,,True,False,0.3196479999999724
99,,,True,False,0.3183970000000045
99,,,True,False,0.3197190000000205
99,,,False,False,0.27802800000000616
99,,,True,False,0.32116700000000264
99,,,False,True,0.17233999999996286
99,,,False,True,0.17189199999995708
99,,,True,False,0.3216369999999529
99,,,True,False,0.3199440000000209
99,,,True,False,0.31909899999999425
99,,,False,False,0.30184500000001435
99,,,True,False,0.318774000000019
99,,,False,True,0.17255899999997837
99,,,False,False,0.2457679999999982
99,,,False,True,0.17296100000004344
99,,,False,True,0.17465099999998301
99,,,True,False,0.31876099999999497
99,,,False,True,0.17309700000004113
99,,,True,False,0.3198070000000257
99,,,False,True,0.1730349999999703
99,,,False,False,0.27387899999996534
99,,,False,False,0.2660870000000273
99,,,True,False,0.31899699999996756
99,,,False,False,0.26722599999999375
99,,,False,True,0.17240700000002107
99,,,False,True,0.17298700000003464
99,,,False,True,0.17204299999997374
99,,,True,False,0.31871000000001004
99,,,True,False,0.3200559999999655
99,,,True,False,0.31776800000000094
99,,,False,True,0.17260900000002266
99,,,False,True,0.17323200000004135
99,,,False,True,0.1722780000000057
99,,,True,False,0.3190659999999639
99,,,True,False,0.3173810000000117
99,,,True,False,0.3193109999999706
99,,,True,False,0.32074899999997797
99,,,False,True,0.17333899999999858
99,,,True,False,0.32069799999999304
99,,,False,False,0.26864499999999225
99,,,False,False,0.27843899999999167
99,,,True,False,0.3207500000000323
99,,,False,True,0.1726730000000316
99,,,False,False,0.2611610000000155
99,,,False,True,0.1722740000000158
99,,,False,False,0.28030599999999595
99,,,True,False,0.319074999999998
99,,,False,False,0.26994200000001456
99,,,True,False,0.3193520000000376
99,,,False,False,0.2736110000000167
99,,,False,False,0.2644180000000347
99,,,False,False,0.28204499999998234
99,,,False,True,0.17274800000001278
99,,,True,False,0.3194169999999872
99,,,True,False,0.3194790000000012
99,,,True,False,0.31900499999994736
99,,,True,False,0.31942500000002383
99,,,False,False,0.2723349999999982
99,,,False,True,0.1731149999999957
99,,,False,True,0.17290200000002187
99,,,False,True,0.1727549999999951
99,,,False,True,0.174321999999961
99,,,False,False,0.27412499999996953
99,,,False,False,0.2682570000000055
99,,,False,True,0.17319099999997434
99,,,True,False,0.31933099999997694
99,,,False,True,0.17352299999998877
99,,,False,True,0.1762120000000209
99,,,True,False,0.33339300000000094
99,,,True,False,0.3216229999999882
99,,,False,False,0.2296079999999847
99,,,True,False,0.3193640000000073
99,,,True,False,0.3196829999999977
99,,,False,True,0.1729389999999853
99,,,True,False,0.31927799999999706
99,,,True,False,0.3200180000000046
99,,,False,True,0.17296299999998155
99,,,True,False,0.3180100000000152
99,,,False,True,0.17269800000002533
99,,,False,False,0.27222399999999425
99,,,False,True,0.1771489999999858
99,,,True,False,0.3201520000000073
99,,,True,False,0.31985300000002326
99,,,False,True,0.17412899999999354
99,,,False,False,0.2738830000000121
99,,,False,True,0.17286400000000413
99,,,True,False,0.31892399999998133
99,,,True,False,0.32235900000000584
99,,,False,False,0.2792760000000385
99,,,True,False,0.31977699999998777
99,,,False,False,0.3053719999999771
99,,,True,False,0.3208789999999908
99,,,True,False,0.3195519999999874
99,,,False,False,0.27251000000001113
99,,,False,False,0.2768450000000371
99,,,True,False,0.32044000000001915
99,,,False,True,0.17274399999996604
99,,,True,False,0.3191550000000234
99,,,False,True,0.17312599999996792
99,,,True,False,0.32154000000002725
99,,,False,True,0.17363899999998011
99,,,True,False,0.321975000000009
99,,,False,True,0.17300599999998667
99,,,False,False,0.27279699999996865
99,,,False,False,0.3025260000000003
99,,,True,False,0.31929399999995667
99,,,True,False,0.32089500000000726
99,,,False,True,0.1728289999999788
99,,,True,False,0.3213440000000105
99,,,True,False,0.31997599999999693
99,,,True,False,0.31919700000003104
99,,,False,True,0.1726679999999874
99,,,False,True,0.17266499999999496
99,,,True,False,0.3184360000000197
99,,,False,True,0.1724800000000073
99,,,False,True,0.1726810000000114
99,,,False,True,0.1721210000000042
99,,,True,False,0.32000499999998056
99,,,True,False,0.31895500000001675
99,,,True,False,0.31939199999999346
99,,,True,False,0.32364599999999655
99,,,False,False,0.26457199999998693
99,,,True,False,0.31859900000000607
99,,,False,True,0.17241999999998825
99,,,True,False,0.32087699999999586
99,,,True,False,0.32046600000001035
99,,,False,False,0.26884300000000394
99,,,False,False,0.2800330000000031
99,,,False,True,0.17718200000001616
99,,,True,False,0.3188629999999648
99,,,False,False,0.2659439999999904
99,,,False,False,0.2786960000000249
99,,,False,True,0.17305899999996655
99,,,True,False,0.32042699999999513
99,,,False,False,0.27700500000003103
99,,,True,False,0.319733000000042
99,,,True,False,0.31916899999998805
99,,,False,False,0.2944039999999859
99,,,True,False,0.3191519999999741
99,,,True,False,0.3186649999999531
99,,,True,False,0.3207129999999552
99,,,False,True,0.17989799999998013
99,,,False,False,0.2902509999999552
99,,,True,False,0.3198520000000258
99,,,False,True,0.17494199999998727
99,,,False,False,0.2644690000000196
99,,,True,False,0.320617000000027
99,,,True,False,0.31906399999996893
99,,,False,True,0.17327799999998206
99,,,False,True,0.17326700000000983
99,,,False,False,0.2741110000000049
99,,,False,True,0.17403400000000602
99,,,True,False,0.3190219999999613
99,,,False,True,0.1763300000000072
99,,,True,False,0.32464200000003984
99,,,False,False,0.2757139999999936
99,,,False,True,0.1726939999999786
99,,,False,False,0.27060000000000173
99,,,True,False,0.3199329999999918
99,,,True,False,0.319767000000013
99,,,True,False,0.320254000000034
99,,,True,False,0.3209969999999771
99,,,False,False,0.2879040000000259
99,,,False,False,0.2615549999999871
99,,,False,False,0.2746789999999919
99,,,False,True,0.1729310000000055
99,,,False,True,0.17398100000002614
99,,,False,False,0.27881999999999607
99,,,True,False,0.32123599999999897
99,,,True,False,0.32121799999998757
99,,,False,True,0.17260500000003276
99,,,True,False,0.31902900000000045
99,,,False,True,0.1728650000000016
99,,,False,True,0.17515800000001036
99,,,False,False,0.23542600000001812
99,,,False,True,0.17311300000000074
99,,,True,False,0.3222329999999829
99,,,False,True,0.17289999999997008
99,,,False,True,0.17248900000004141
99,,,False,False,0.21786599999995815
99,,,True,False,0.3206909999999539
99,,,False,True,0.17325899999997318
99,,,False,False,0.27704900000003363
99,,,True,False,0.318932000000018
99,,,False,False,0.27965299999999615
99,,,True,False,0.3204989999999839
99,,,True,False,0.3184850000000097
99,,,True,False,0.31944799999996576
99,,,False,False,0.20722299999999905
99,,,False,True,0.1731139999999982
99,,,False,True,0.17280800000003183
99,,,True,False,0.3244460000000231
99,,,False,True,0.17346099999997477
99,,,True,False,0.3228629999999839
99,,,False,True,0.17332900000002383
99,,,True,False,0.32078599999999824
99,,,False,False,0.2491200000000049
99,,,False,True,0.17247700000001487
99,,,True,False,0.3190799999999854
99,,,False,False,0.2821079999999938
99,,,False,True,0.17305099999998674
99,,,False,False,0.28113899999999603
99,,,True,False,0.31989199999998164
99,,,False,False,0.20800599999995484
99,,,False,False,0.27993800000001556
99,,,False,True,0.17384600000002592
99,,,True,False,0.32041699999996354
99,,,True,False,0.32187999999996464
99,,,True,False,0.323709000000008
99,,,False,True,0.17357000000004064
99,,,True,False,0.31962799999996605
99,,,True,False,0.32159200000000965
99,,,False,True,0.17821099999997614
99,,,True,False,0.3201530000000048
99,,,False,False,0.3085879999999861
99,,,True,False,0.31975999999997384
99,,,True,False,0.3202630000000113
99,,,True,False,0.32089899999999716
99,,,False,True,0.17392599999999447
99,,,False,True,0.17273199999999633
99,,,False,False,0.273537000000033
99,,,True,False,0.3172260000000051
99,,,False,False,0.2682890000000384
99,,,False,False,0.2633610000000317
99,,,True,False,0.40740100000004986
99,,,True,False,0.36048899999997275
99,,,False,False,0.2729060000000345
99,,,False,False,0.2726859999999647
99,,,True,False,0.3604869999999778
99,,,False,True,0.17312900000001719
99,,,True,False,0.32264400000002524
99,,,False,False,0.2806309999999712
99,,,False,True,0.17263399999995954
99,,,False,False,0.266003000000012
99,,,True,False,0.31826599999999416
99,,,True,False,0.319328999999982
99,,,True,False,0.32008000000001857
99,,,True,False,0.319562000000019
99,,,False,False,0.27258500000004915
99,,,True,False,0.3179939999999988
99,,,False,True,0.17276499999996986
99,,,True,False,0.31758300000001327
99,,,False,True,0.17239399999999705
99,,,False,False,0.2864280000000008
99,,,True,False,0.31934799999999086
99,,,True,False,0.3189610000000016
99,,,True,False,0.3180759999999623
99,,,False,True,0.17320300000000088
99,,,True,False,0.31987500000002456
99,,,True,False,0.3208750000000009
99,,,True,False,0.32037000000002536
99,,,True,False,0.329763000000014
99,,,False,True,0.17824100000001408
99,,,True,False,0.33316399999995383
99,,,True,False,0.32747499999999263
99,,,False,True,0.17779999999999063
99,,,True,False,0.3264710000000264
99,,,False,True,0.1820109999999886
99,,,False,False,0.32136599999995497
99,,,True,False,0.3599209999999857
99,,,False,True,0.19416100000000824
99,,,False,False,0.3034649999999601
99,,,True,False,0.33744500000000244
99,,,False,True,0.1805880000000002
99,,,False,True,0.17550399999998945
99,,,False,False,0.30330199999997376
99,,,True,False,0.31977600000004713
99,,,True,False,0.3230020000000309
99,,,False,False,0.2752649999999903
99,,,True,False,0.31927899999999454
99,,,True,False,0.31947999999999865
99,,,False,True,0.17330799999996316
99,,,False,True,0.172883000000013
99,,,False,True,0.1727210000000241
99,,,False,False,0.20860899999996718
99,,,False,False,0.2792249999999967
99,,,True,False,0.32367800000002944
99,,,True,False,0.3278320000000008
99,,,True,False,0.32117600000003677
99,,,True,False,0.3204160000000229
99,,,False,False,0.28863799999999173
99,,,True,False,0.32037000000002536
99,,,False,True,0.17605399999996507
99,,,True,False,0.3196439999999825
99,,,True,False,0.3211200000000076
99,,,True,False,0.3222499999999968
99,,,False,True,0.17515900000000784
99,,,True,False,0.32010700000000725
99,,,True,False,0.3282970000000205
99,,,False,False,0.27785900000003494
99,,,False,True,0.19114099999995915
99,,,True,False,0.31892799999997123
99,,,False,True,0.1895099999999843
99,,,True,False,0.3296359999999936
99,,,False,False,0.2754590000000121
99,,,True,False,0.3593689999999583
99,,,False,True,0.19849699999997483
99,,,False,False,0.2953130000000215
99,,,True,False,0.3768089999999802
99,,,True,False,0.36484000000001515
99,,,True,False,0.3621909999999957
99,,,True,False,0.3362950000000069
99,,,True,False,0.5267180000000167
99,,,False,True,0.1947319999999877
99,,,False,True,0.1906399999999735
99,,,False,False,0.2724719999999934
99,,,False,True,0.17338100000000622
99,,,False,False,0.2787400000000275
99,,,True,False,0.33055799999999635
99,,,True,False,0.3282869999999889
99,,,True,False,0.3403659999999604
99,,,True,False,0.33544699999998784
99,,,False,True,0.17436900000001287
99,,,False,True,0.1939090000000192
99,,,True,False,0.3254859999999553
99,,,True,False,0.32189799999997604
99,,,False,True,0.17281600000001163
99,,,True,False,0.32348799999999756
99,,,False,True,0.17316399999998566
99,,,False,True,0.1735919999999851
99,,,False,True,0.1729930000000195
99,,,True,False,0.31951099999997723
99,,,False,False,0.28413799999998446
99,,,False,True,0.17282199999999648
99,,,False,True,0.17335100000002512
99,,,False,True,0.17387000000002217
99,,,False,True,0.1731189999999856
99,,,True,False,0.3206260000000043
99,,,False,True,0.1731409999999869
99,,,True,False,0.31892399999998133
99,,,False,True,0.1724879999999871
99,,,False,True,0.17281699999995226
99,,,False,False,0.2760940000000005
99,,,False,True,0.1730969999999843
99,,,False,False,0.2803429999999594
99,,,True,False,0.31899399999997513
99,,,True,False,0.3185250000000224
99,,,False,True,0.17280499999998256
99,,,True,False,0.31886300000002166
99,,,False,True,0.17265099999997346
99,,,True,False,0.32006699999999455
99,,,False,False,0.27897799999999506
99,,,True,False,0.3210060000000112
99,,,False,False,0.2626160000000368
